{"cameraMode":{"drawMode":0,"name":"Shaded","section":"Shading Mode"},"sceneLighting":false,"audioPlay":false,"sceneViewState":{"showFog":true,"showMaterialUpdate":false,"showSkybox":false,"showFlares":true,"showImageEffects":true,"showParticleSystems":true},"in2DMode":false,"pivot":{"x":0.00015100836753845215,"y":0.885246753692627,"z":0.05732530355453491},"rotation":{"x":-0.061027202755212787,"y":0.7115647792816162,"z":-0.06228477507829666,"w":-0.6971956491470337},"size":4.5643630027771,"orthographic":false}